id;object;account_country;account_name;account_tax_ids;amount_due;amount_paid;amount_remaining;amount_shipping;application;application_fee_amount;attempt_count;attempted;auto_advance;billing_reason;charge;collection_method;created;currency;custom_fields;customer_string_value;customer_address;customer_email;customer_name;customer_phone;customer_shipping;customer_tax_exempt;customer_tax_ids;default_payment_method;default_source;default_tax_rates;description;discount;discounts;due_date;effective_at;ending_balance;footer;from_invoice;hosted_invoice_url;invoice_pdf;last_finalization_error;latest_revision;livemode;metadata;next_payment_attempt;number;on_behalf_of;paid;paid_out_of_band;payment_intent;payment_settings;period_end;period_start;post_payment_credit_notes_amount;pre_payment_credit_notes_amount;quote;receipt_number;rendering;rendering_options;shipping_cost;shipping_details;starting_balance;statement_descriptor;status;status_transitions;subscription;subscription_details;subtotal;subtotal_excluding_tax;tax;test_clock;total;total_discount_amounts;total_excluding_tax;total_tax_amounts;transfer_data;webhooks_delivered_at
a9d244d5-2770-4ef8-b3db-74ac80ccf9cd;SQL;Frozen Berkshire reciprocal;Home Loan Account;Borders Home access;36325;20522;71595;73808;PNG;97683;25244;false;false;b Rand;Account;transmitting EXE Coordinateur;32340;visualize a iterate;Fresh;sticky Awesome a;Cotton a Zadkine;Agent Towels des;Agent;interactive deposit Electronics;bypassing transitional Toys;Auto Toys;Wooden Intuitive applications;pixel;Poitou-Charentes;e-markets Ball tan;Rubber c Loan;plum maroon;Generic User-centric program;5450;84029;41534;eyeballs Toys deposit;Franche-Comté bifurcated Car;Shoes Granite;value-added;Burundi;XSS;true;customer invoice;4374;deploy;Pizza;false;false;Soap generating;a;16398;51030;61415;30892;Poitou-Charentes;feed Assistant;Handcrafted Wooden;online;59282;Specialiste;11730;La Sleek connect;sky COM;deposit input;a bandwidth;Persistent Rustic;89980;99280;Small;web-readiness;73723;red Afghanistan deposit;19331;Granite TCP Bedfordshire;Coordinateur program;91020
95d17eb0-76f6-45c3-8f64-7a3d5682c8de;24/365 Home;quantifying Directeur;Money Market Account;Concrete Unbranded Computers;44809;84226;31345;54711;Cambridgeshire revolutionize;4671;96139;false;true;Outdoors Bedfordshire;Kids intermediate Refined;Sleek;8410;systems;mesh;parsing;leverage c payment;gold;Gorgeous Small;Chicken Franche-Comté paradigms;indexing;evolve;calculating indigo Tuna;silver c mobile;RSS;deploy;b;Grocery Cambridgeshire;maroon portal;25601;50775;71068;hybrid a synergies;Polarised Joubert firewall;Executif vortals;connecting Administrateur;payment;calculate Fresh attitude-oriented;false;Technicien synthesizing;71805;Kip adapter payment;functionalities open-source;false;true;Plastic;Avon Programmable bricks-and-clicks;83491;86674;17935;43879;c deposit Expanded;Frozen Realigned e-markets;Steel Music;Du;69988;Pizza maroon generate;68485;Persevering tolerance;Small;pixel maximize;incentivize;invoice index;10654;82331;incremental bypassing;transmit Francs-Bourgeois Litas;11192;matrices;43528;wireless Public-key;Dauphine;56961
dea29e08-d0e6-4a52-aa36-d1e3b5b753ca;c Borders;Frozen wireless Keyboard;Savings Account;calculating auxiliary extensible;2244;68347;57735;14102;Account;29184;49103;false;false;Account;maroon Buckinghamshire vortals;e-business;90253;innovative index;Electronics Tala;haptic;Grocery Object-based orchestrate;bandwidth-monitored;ivory;Keyboard;Fish;bypass Bedfordshire optical;Superviseur Developpeur;SCSI Loan Beauty;Rhône-Alpes;Fresh;Dollar Yémen integrated;Hat orange;6th reciprocal connect;28309;2012;1179;Rhône-Alpes;Australian bandwidth generate;navigate viral Polarised;Cotton Singapore state;Picardie;Account platforms AI;false;connecting B2B Cambridgeshire;30515;circuit 1080p;Tools bandwidth-monitored Towels;true;true;Haute-Normandie capacity;circuit leverage;40074;89591;73999;96743;c;scale;a Architecte groupware;Clothing generating Baby;49559;de Provence-Alpes-Côte Configurable;27670;invoice harness;Guarani;d'Assas;program;implement Clothing;31270;11215;Salad;Languedoc-Roussillon;77817;Champagne-Ardenne system;51627;green Technicien;solid Picardie;19473
19a4ee1a-ca11-45c6-b92b-996c0d422a81;a Saint-Denis;Stagiaire Architecte Buckinghamshire;Credit Card Account;Sleek utilisation;48586;56798;46908;58574;Small;93634;38216;true;false;Interface TCP;Nord-Pas-de-Calais Concrete dynamic;Unit Buckinghamshire Faubourg;96430;Sleek end-to-end;Total;Équateur;convergence;Generic transmitting maximized;expedite;b;Designer;Towels;Gorgeous Fish;conglomeration Cotton;real-time deposit;Granite;embrace ubiquitous;Loan Sleek capacity;Syrie Israël;16180;31371;20951;Berkshire Wooden;Plastic;Bedfordshire;real-time;expedite;Intelligent eyeballs protocol;true;protocol;42533;green Frozen;Handcrafted Du;false;true;withdrawal Metal Gloves;Outdoors Tools solid;65606;87337;74795;13614;multi-byte radical gold;granular Beauty;engage;Centralized Boétie e-tailers;54005;capacitor compressing;89841;Ingenieur;Intelligent c Pants;connecting;Steel Front-line PNG;Chair a front-end;83334;35595;Steel;Sleek;27116;sky;31677;Tadjikistan Plastic;Maurice teal;32065
e010bc0c-fcda-4c58-9149-567519e8ff23;Incredible incentivize high-level;end-to-end users Berkshire;Home Loan Account;TCP copying Metal;82162;52949;74151;18699;c indexing maroon;32053;39802;true;false;transform HTTP impactful;RAM Swedish Somoni;up approach;83245;Buckinghamshire Plastic Danemark;Account;Helena facilitate;B2B;SQL invoice withdrawal;bluetooth Practical Estonie;relationships;challenge b visionary;Charlemagne;Manager;b platforms out-of-the-box;Bretagne RAM Developpeur;holistic;navigating;deposit Haïti;d'Assas;77216;3897;32199;azure;Bike Outdoors Avon;interface Cambridgeshire;mindshare Tasty;Quality-focused;syndicate Charlemagne Berkshire;true;Interface;88851;Practical;RAM;true;false;Tools;TCP Steel;21329;51261;13692;60034;IB Checking;Dirham digital;Borders;deliver;15373;Chips;97446;Outdoors grid-enabled system;Intuitive bypassing Fully-configurable;c;Buckinghamshire;Licensed FTP Account;3634;48139;Cambridgeshire;orange Cambridgeshire;36936;sensor cohesive Clothing;52137;cyan;Credit program Refined;3978
a3c5eb65-e884-41da-b4c0-3194618ebd40;Keyboard;Avon;Personal Loan Account;transmitter hardware Shoes;71778;61858;50860;77884;neural;30831;47817;true;true;network;website exuding Hat;withdrawal;59313;Gloves;parsing b Égypte;Account Armenian installation;systemic backing regional;backing Books Practical;olive b Total;microchip Generic Movies;Movies Soft;Producteur;Bangladesh value-added Gloves;Steel b;Monsieur-le-Prince even-keeled;c;navigating;convergence;Administrateur invoice;32575;16669;90817;navigate;Industrial navigating Havre;e-tailers Géorgie Ingenieur;mission-critical non-volatile concept;haptic Keyboard Expanded;calculating Buckinghamshire Superviseur;true;Open-architected;92233;transmitter;wireless;true;false;protocol;Account;81694;5518;29069;93083;c Monaco Centre;a Tasty parse;sensor;protocol Producteur recontextualize;30264;Azerbaïdjan Frozen;22696;payment card a;Movies;Front-line;calculating Sleek override;Russian;91979;6436;Fresh cross-platform;Djibouti parsing embrace;24716;Grèce Designer Synchronised;65223;drive Administrateur Aquitaine;parse;82883
33080f60-9f55-42fb-bfc9-5da47b437efe;granular initiatives azure;Producteur digital archive;Investment Account;architectures teal;30438;80752;26315;88387;Frozen connecting;85213;31260;false;true;orchestration;Royaume-Uni;Angola;90698;synergies Realigned;tan Cambridgeshire Self-enabling;back Sports;Baby;Frozen parsing CSS;empowering;payment Cambridgeshire virtual;Grands;synergize Account;optical;connecting Executif cross-media;copy transmit violet;policy Wooden;Polarised monitoring collaboration;Avon Loan;generating;86554;79542;99578;withdrawal;Tuna;Égypte parsing metrics;a;markets;copying;false;Bedfordshire;11253;b Grocery;SDD Refined;false;false;Cotton programming;radical;75719;39948;68819;52533;Synergistic Concrete;Consultant program;de Handcrafted;mobile Superviseur;57597;Agent eyeballs;70105;orange transmitting harness;du bypassing Wooden;client-server des Account;structure Liechtenstein revolutionary;a web Mouse;42011;6425;Streamlined;Frozen multi-byte Superviseur;1744;Pants revolutionary;8983;lavender Car;end-to-end c;49993
aa3bc9cd-b09b-47a3-862b-38b160db41be;state Coordinateur Technicien;payment Awesome a;Credit Card Account;brand Ergonomic Turkish;56516;97425;43295;48032;b protocol Automated;80512;93587;false;true;Franche-Comté c;a;Fresh Steel Open-architected;70760;Ball Practical Dollar;quantify infrastructures c;Licensed extranet Investment;Berkshire;JSON ubiquitous;a Pizza;Computer;Aquitaine;wireless Balanced microchip;Paris;Botswana e-business SMS;IB Home;ability Intuitive;Producteur lavender Pastourelle;application;Car;32232;14195;92995;synergize Concrete;deposit drive Ergonomic;Frozen Sausages;e-services;contextually-based alarm azure;platforms;false;hard Metal d'Alésia;74018;Cotton Dong;red;false;false;XML;Swaziland silver;87208;98018;12736;75332;Saint-Séverin connecting THX;transmitting;a;Gloves magenta;20388;array secured;82915;c Tuna;utilize red FTP;Provence;magenta compelling Operative;Bike GB;48298;51210;matrix Games azure;a;97811;asynchronous c;4242;payment compress;deposit Games;68626
cf9abefe-df88-4679-884d-62d98ccbe598;TCP software;withdrawal matrix Sports;Personal Loan Account;Integrated;42701;49327;190;18545;c;79326;5743;false;false;Fresh plug-and-play b;morph Namibie cyan;Toys system;97863;Rwanda Outdoors IB;integrated Shoes Designer;Unbranded Games a;Rustic;deploy ADP AI;heuristic Vaneau parse;Chicken;object-oriented;bypassing;Producteur Table;payment;payment hack Rhône-Alpes;b program;Ball Sleek ivory;programming;lavender Dinar connect;28639;42357;74678;Dalasi du proactive;connecting Licensed Zimbabwe;green Tomé-et-Principe;Producteur supply-chains;Soap Îles;Ruble;true;even-keeled payment Movies;33271;Buckinghamshire Bulgarie copy;Home b;true;false;XSS;Aquitaine b;97228;75660;69919;20206;indexing hack;a;withdrawal Concrete Intelligent;adapter Ruble;24938;b;86447;b streamline;Avon Executif;backing;Stagiaire;Bulgarie 1080p Agent;53659;73958;Pants équatoriale;back-end;56548;card Midi-Pyrénées;89440;b clear-thinking;Keyboard Re-contextualized;33522
280af1b2-5c39-43a2-abb6-9ad1fd6c1142;neural;deposit b;Investment Account;Directeur;53563;94027;96668;4049;1080p;2980;92682;false;false;Analyste Generic;Checking transmitter purple;Hat;25241;Soap world-class;Picardie;Table Steel;Bangladesh Car;feed Cotton enterprise;a;Car la synergy;override experiences Wooden;24 b e-business;Syrie navigate encompassing;orchestration Nord-Pas-de-Calais primary;Borders Borders la;payment Serbie;indigo niches;Outdoors;turquoise;22807;60209;85352;Maroc synergistic functionalities;Rubber;withdrawal orange national;transition ivory Presbourg;parse;EXE productize;false;violet Cheese;13261;quantify;Card;true;true;Licensed Borders;fuchsia;29702;93936;11089;74480;b Directeur monitor;Paris;CSS;c up invoice;57438;Plastic synthesize Faubourg-Saint-Denis;9964;structure Uruguay;ability Home incubate;indexing deposit;Buckinghamshire pixel Loan;Bike Avon;19850;6480;Towels haptic a;Developpeur Gloves;97075;EXE time-frame THX;88420;Licensed SDD;optimal aggregate cross-platform;65071
