id;object;active;created;default_price;description;livemode;name;shippable;statement_descriptor;tax_code;unit_label;updated;url;sku;title;link_to_generic_photo_file;available_sizes;currency_format;is_free_shipping;price;style;installments
1;Steel;false;98311;82284;de support navigate;true;Computer c deposit;false;withdrawal THX b;Metal;infomediaries partnerships b;91058;https://lionel.fr;withdrawal green;Bedfordshire Liban neutral;Bike;Computer CFP orange;Vaneau;true;35518;a Sports;86396
2;Personal Steel;false;40746;27546;homogeneous la;true;Manager;false;de;Intelligent;pixel methodical quantifying;78950;http://vivien.net;online virtual;hacking;Alsace mobile;AGP lavender;navigate brand up;true;41021;Ergonomic Ergonomic;5859
3;deposit;false;51756;98208;Chair solution Zimbabwe;false;Dinar;true;transmit Incredible IB;Algérie Rustic;Taka;90493;http://josse.net;e-business;interactive;online Home de;Sausages Tuna;system Practical;false;29142;project bypassing;46693
4;program;true;94512;76795;Borders Pula;true;Soft;true;pink Sausages;Computers Jamaïque;Electronics;20046;http://thierry.fr;generating;portals Berkshire intuitive;Concrete Account Account;a Small adapter;Gloves;true;75149;Buckinghamshire;97490
5;Salad;false;91355;25358;Oberkampf c;true;mint;true;exuding copying;services a;transmitting Account;18057;https://colin.info;Poitou-Charentes Mouse;engage ROI Account;Cross-platform withdrawal primary;a;Palladium Liberia;true;49041;b;30827
6;Kids Rubber;false;20850;7211;Saint-Jacques Computer PCI;true;Producteur;true;teal Vision-oriented;Ergonomic Bedfordshire;ADP payment maximize;16931;https://brunehaut.eu;indigo;Taka payment;back-end Lituanie Venezuela;frictionless wireless user-facing;Account compress;true;78517;convergence;83549
7;deliverables;false;84403;63291;withdrawal;true;mobile;false;Incredible;navigate;invoice a sticky;49383;https://landry.info;distributed copy de;technologies;Music Shoes Languedoc-Roussillon;Berkshire Games global;and visualize envisioneer;true;51708;port portals;45446
8;Malaisie b HTTP;true;86844;46843;optical Account;false;Clothing;true;Uganda primary Ergonomic;Games copying;Costa c du;85943;https://roland.fr;generate facilitate port;scalable Sports collaboration;Loire Designer;Distributed;black d’Ivoire;false;61688;matrix mesh Uzbekistan;41603
9;Gabon Rubber;false;54388;80221;c THX virtual;true;Macédoine transmit;true;Account Adolphe;Unbranded;adapter Auto neural;54441;https://amarande.fr;Krone;intuitive ADP;Lombards;Tilsitt;Silver des;true;70460;Designer invoice;46098
10;a b Advanced;true;30207;63251;a Jewelery Tuna;false;Berkshire IB Card;false;Champagne-Ardenne Saint-Honoré;c Cross-platform partnerships;bi-directional Limousin;85148;https://acace.eu;synthesizing;Basse-Normandie Mauritanie;virtual;Checking expedite;hack optical d'Azur;false;66589;concept Zadkine high-level;79224
